id_evidencia;projeto_id;tipo;arquivo;conteudo_esperado;status;observacao
PRJ24-EV01;PRJ24;Dossiê;dossie_projeto.pdf;contexto, pergunta e recorte;Localizada;síntese
PRJ24-EV02;PRJ24;Registro técnico;registro_tecnico.pdf;método, resultados e recortes;Localizada;síntese derivada
PRJ24-EV03;PRJ24;Atividades;atividades.xlsx;trabalho, saídas e referências diretas;Localizada;registro de atividades
PRJ24-EV04;PRJ24;Inventário;inventario_evidencias.csv;arquivos e função;Localizada;índice
PRJ24-EV05;PRJ24;Configuração;evidencias/configuracao.json;parâmetros, versões, dicionário e ensaios;Localizada;especificação
PRJ24-EV06;PRJ24;Método;evidencias/metodo.md;referência anterior, mecanismo e protocolo;Localizada;especificação
PRJ24-EV07;PRJ24;Cronologia;evidencias/cronologia.csv;datas, versões e estado;Localizada;registro de versões
PRJ24-EV08;PRJ24;Medições;evidencias/medicoes.csv;contadores por cenário, valores ou histograma;Localizada;registro primário sintético
PRJ24-EV09;PRJ24;Resultados;evidencias/resultados.csv;consolidação das medições com operação, valor e base de referência;Localizada;calculado ou transcrito de EV08, conforme operação
PRJ24-EV10;PRJ24;Entrevista;transcricao_entrevista_tecnica.pdf;depoimento de memória da equipe;Localizada;depoimento
PRJ24-EV11;PRJ24;Observações;evidencias/observacoes.csv;entradas, referência e saída de recortes identificados;Localizada;recortes sintéticos
PRJ24-EV12;PRJ24;Entradas;evidencias/entradas.csv;entradas ilustrativas ou dados parciais recuperados;Localizada;recortes sintéticos
PRJ24-EV13;PRJ24;Revisão técnica;evidencias/revisao_tecnica.md;alcance, lacunas e alegações recuperadas;Localizada;revisão
PRJ24-EV14;PRJ24;Atividades CSV;atividades.csv;mesmos registros da planilha, formato aberto;Localizada;derivado de EV03
